title,link,nuser,class,board_title
Gossiping,/bbs/Gossiping/index.html,8459,綜合,◎[八翻] 八卦板主選舉結果出爐
Stock,/bbs/Stock/index.html,3685,學術,◎[股票] 股票板
C_Chat,/bbs/C_Chat/index.html,2494,閒談,◎[希洽] 鬼滅電影無限城篇火熱上映
Baseball,/bbs/Baseball/index.html,1997,棒球,◎[棒球] 東園國小LLB少棒世界冠軍
HatePolitics,/bbs/HatePolitics/index.html,1033,Hate,◎[政黑] 大什麼大都結束了
NBA,/bbs/NBA/index.html,900,NBA.,◎[NBA] 遞件選板主拿P幣！
LoL,/bbs/LoL/index.html,703,遊戲,◎[LoL] 末日機兵 新模式開放
Lifeismoney,/bbs/Lifeismoney/index.html,621,省錢,◎[省錢] 省錢板
home-sale,/bbs/home-sale/index.html,519,房屋,◎[房版] 請詳閱新板規避免違規
car,/bbs/car/index.html,416,車車,◎[汽車] 恭喜lll156k1529當選
MobileComm,/bbs/MobileComm/index.html,374,資訊,◎[通訊] 手機o平板o資費 請進!
KoreaStar,/bbs/KoreaStar/index.html,366,韓國,◎[韓星] 0822 姜睿序生日快樂
Beauty,/bbs/Beauty/index.html,306,聊天,◎[表特] 貼AI圖 一律水桶+退文
Tech_Job,/bbs/Tech_Job/index.html,229,工作,◎[科技] 開放匿名分享薪資文
sex,/bbs/sex/index.html,227,男女,◎[西斯] 七夕計劃好了          嗎
Japan_Travel,/bbs/Japan_Travel/index.html,223,旅遊,◎繽紛浪漫花海～攝影遊記徵選
basketballTW,/bbs/basketballTW/index.html,212,籃球,◎[台籃] 休賽季
PC_Shopping,/bbs/PC_Shopping/index.html,211,硬體,◎[電蝦] 5090  踫！踫！踫！
movie,/bbs/movie/index.html,208,綜合,◎[電影] 取消票房文規範
Military,/bbs/Military/index.html,204,軍事,◎[軍事]理性討論軍事 請詳閱板規
creditcard,/bbs/creditcard/index.html,179,理財,◎[卡板]
Steam,/bbs/Steam/index.html,174,平台,◎本板禁止買賣合購代購代刷
japanavgirls,/bbs/japanavgirls/index.html,172,綜合,"◎AV女優板 清新、優質,神人照格式"
SportLottery,/bbs/SportLottery/index.html,166,博弈,◎[運彩] 2025年第1次徵選板主
Elephants,/bbs/Elephants/index.html,146,CPBL,◎[兄弟] 2025『進化』B-EVOLUTION
PlayStation,/bbs/PlayStation/index.html,137,主機,◎[PS5] 8/29 失落之魂
Marginalman,/bbs/Marginalman/index.html,122,心情,◎[邊緣] 咪賴哩口中間生日快樂！！
Tainan,/bbs/Tainan/index.html,120,台南,◎[台南]
HardwareSale,/bbs/HardwareSale/index.html,114,買賣,◎[硬交] 詐騙會從內文+LINE找上門
iOS,/bbs/iOS/index.html,111,系統,◎[iOS] Apple Event September 10
BabyMother,/bbs/BabyMother/index.html,109,家庭,◎[寶寶] 記得打流感疫苗
Kaohsiung,/bbs/Kaohsiung/index.html,106,高雄,◎[高雄] 你好 在下大暴雨
NSwitch,/bbs/NSwitch/index.html,94,主機,◎[NS] 台灣 ESHOP 9/9 啟動
AC_In,/bbs/AC_In/index.html,88,閒談,◎[裏洽]
ONE_PIECE,/bbs/ONE_PIECE/index.html,83,日本,"◎[海賊王] 1157 ""傳說的酒吧"""
WomenTalk,/bbs/WomenTalk/index.html,79,聊天,◎[女孩] 天氣熱小心中暑<(@o@)/
Tennis,/bbs/Tennis/index.html,79,網球,◎[網球] 2025溫 Sinner#4 Swiatek#6
Japandrama,/bbs/Japandrama/index.html,72,日劇,◎[日劇] 金21 唐沢寿明
CFantasy,/bbs/CFantasy/index.html,71,玄幻,◎[玄幻] 玄幻小說板
China-Drama,/bbs/China-Drama/index.html,69,中劇,◎[中劇] 讓空降來得更猛烈些吧！
AllTogether,/bbs/AllTogether/index.html,63,聯誼,◎[歐兔] 七夕情人節，有約了嗎？
Gamesale,/bbs/Gamesale/index.html,58,綜合,◎[GS] 遊戲交易板
Badminton,/bbs/Badminton/index.html,58,羽球,◎[羽球版]
mobilesales,/bbs/mobilesales/index.html,57,資訊,◎[Mobile] 板規不看，水桶就來
biker,/bbs/biker/index.html,54,車車,◎[機車]光陽和他的網軍
Boy-Girl,/bbs/Boy-Girl/index.html,54,心情,◎[男女] 歡迎光臨男女板
Aviation,/bbs/Aviation/index.html,53,交通,◎[航空] 注意行動電源上機新規定
CheerGirlsTW,/bbs/CheerGirlsTW/index.html,52,應援,◎[真香] 阿金請勿發表不當言論
miHoYo,/bbs/miHoYo/index.html,51,米哈,◎[米哈遊] 絕區零2.2前瞻
MacShop,/bbs/MacShop/index.html,51,資訊,◎[麥蝦] 水貨定義請詳閱版規
marriage,/bbs/marriage/index.html,50,婚姻,◎[婚姻] 歡迎光臨婚姻板
TaichungBun,/bbs/TaichungBun/index.html,50,台中,◎[台中] 發文前請先閱讀板規文摘
EAseries,/bbs/EAseries/index.html,50,歐美,◎[EA] 歐美影集版
e-coupon,/bbs/e-coupon/index.html,49,理財,◎新板主2025年4月25日上任
watch,/bbs/watch/index.html,49,購一,◎[錶板] Show me your Watch!
NY-Yankees,/bbs/NY-Yankees/index.html,46,AL-E,◎NYY - 持續大低潮中
Shadowverse,/bbs/Shadowverse/index.html,46,線上,◎[闇影詩章] 變革的...SV?
CVS,/bbs/CVS/index.html,44,資訊,◎[CVS] 超商店員a.k.a.superman
TWICE,/bbs/TWICE/index.html,44,韓國,◎[TWICE] 8/28 11:00 兩日一般售票
MLB,/bbs/MLB/index.html,44,#MLB,◎[MLB] 2025賽季進行中
marvel,/bbs/marvel/index.html,44,生二,◎[媽佛] 你吃了誰煮的麵
Soft_Job,/bbs/Soft_Job/index.html,43,工作,◎[軟工] 成為全宇宙のNo.1吧
FORMULA1,/bbs/FORMULA1/index.html,43,賽車,◎F1板 放暑假
joke,/bbs/joke/index.html,43,娛樂,◎[就可] 大關稅
Drama-Ticket,/bbs/Drama-Ticket/index.html,41,舞臺,◎藝文票券轉售板 禁止徵票小心詐騙
Monkeys,/bbs/Monkeys/index.html,39,CPBL,◎[桃猿] 桃猿男兒值得更好的對待
FAPL,/bbs/FAPL/index.html,38,聯賽,◎歡樂．三喵．足球
DigiCurrency,/bbs/DigiCurrency/index.html,38,資訊,◎[數位貨幣] 滯脹循環
KoreaDrama,/bbs/KoreaDrama/index.html,38,韓劇,◎[韓劇]
PathofExile,/bbs/PathofExile/index.html,35,線上,◎[PoE] 流亡黯道二代 啟動！
MuscleBeach,/bbs/MuscleBeach/index.html,35,美體,◎[健身] 發文前請務必詳閱板規
PokemonGO,/bbs/PokemonGO/index.html,34,抓寶,◎[PMGO] 8/30稚山雀社群日＆見面會
PuzzleDragon,/bbs/PuzzleDragon/index.html,33,轉珠,◎[P＆D] 鬼滅之刃 合作第三彈
CarShop,/bbs/CarShop/index.html,33,買賣,◎請先看板規再發文
Salary,/bbs/Salary/index.html,32,職場,◎[職場] 工作職場板
Road_Running,/bbs/Road_Running/index.html,32,跑步,◎跑步版-天氣熱多喝水
DC_SALE,/bbs/DC_SALE/index.html,31,攝影,◎詐騙請去至底文回覆
give,/bbs/give/index.html,31,贈送,◎[贈送] 標題不合置底文規定  刪
TY_Research,/bbs/TY_Research/index.html,31,大氣,◎板聚就在8/31!8/26置底有更新內容
Bank_Service,/bbs/Bank_Service/index.html,31,銀行,◎[銀行服務板] 花蓮二信金融卡 XD
PublicServan,/bbs/PublicServan/index.html,28,公職,◎[公職]
SuperBike,/bbs/SuperBike/index.html,28,車車,◎PTT重機板 ~ 發買賣文請詳閱置底
Headphone,/bbs/Headphone/index.html,27,資訊,◎[耳機] 歡迎大家多發心得~
DSLR,/bbs/DSLR/index.html,26,攝影,◎[攝影] 2025
YuanChuang,/bbs/YuanChuang/index.html,26,原創,◎[原創] 徵文：喧賓奪主 我最搶戲
Key_Mou_Pad,/bbs/Key_Mou_Pad/index.html,26,生活,◎[鍵鼠] 網軍清明連假都要加班的嗎
Hsinchu,/bbs/Hsinchu/index.html,26,新竹,◎[新竹] 新版規研議中~~\⊙▽⊙/
e-shopping,/bbs/e-shopping/index.html,26,網購,◎[ＥＳ] 注意板規 遠離水桶
fastfood,/bbs/fastfood/index.html,25,美食,◎[速食] 慟！麥香魚起士只放半片
WOW,/bbs/WOW/index.html,24,線上,◎[WoW] 11.2法力熔爐 \\\Liquid///
Lakers,/bbs/Lakers/index.html,24,W-PA,◎[Lakers] Offseason
nb-shopping,/bbs/nb-shopping/index.html,23,硬體,◎[筆電蝦]
MobilePay,/bbs/MobilePay/index.html,23,理財,◎刷卡回饋問題請至信用卡板
Lions,/bbs/Lions/index.html,23,CPBL,◎[獅隊]8/30-31良緣神助宮降臨新莊
ToS,/bbs/ToS/index.html,21,轉珠,◎[神魔] 反叛的魯路修x奪回的ROZE
DIABLO,/bbs/DIABLO/index.html,21,線上,◎[D2R] S11重置 6/21
Railway,/bbs/Railway/index.html,20,交通,◎[鐵道] 高鐵何時才會買夠車
Coffee,/bbs/Coffee/index.html,20,咖啡,◎咖啡 秋意漸濃
BabyProducts,/bbs/BabyProducts/index.html,19,買賣,◎防詐騙，交易異常時，自行找客服
Audiophile,/bbs/Audiophile/index.html,19,資訊,◎[喇音] 注意 Line 加好友詐騙
SRW,/bbs/SRW/index.html,19,扮演,◎[SRW] 機戰Y (2025.8.28)
H-GAME,/bbs/H-GAME/index.html,19,綜合,◎H-GAME板
Wanted,/bbs/Wanted/index.html,19,徵求,◎[汪踢] 海龍王盃情書比賽
SuperJunior,/bbs/SuperJunior/index.html,18,韓國,◎[ＳJ] SUPER SHOW10台北 會員預售
Taoyuan,/bbs/Taoyuan/index.html,18,桃園,◎[桃園]
StupidClown,/bbs/StupidClown/index.html,18,經歷,◎ 哼哼哼哼
Chiayi,/bbs/Chiayi/index.html,17,嘉義,◎[嘉義] 綠豆嘉義人 愛與善良風向
Guardians,/bbs/Guardians/index.html,17,CPBL,◎[悍將] 張家兄弟滑起來
PokeMon,/bbs/PokeMon/index.html,17,日本,◎[PM] 寶可夢板 Pokemon
SakaTalk,/bbs/SakaTalk/index.html,16,日本,◎坂道閒聊板
KR_Entertain,/bbs/KR_Entertain/index.html,16,綜藝,◎[韓綜] Show Me The 新板主!
MRT,/bbs/MRT/index.html,16,交通,◎[捷運] 三鶯線後板南線擁擠何解
Hearthstone,/bbs/Hearthstone/index.html,15,線上,◎[爐石] 《安戈洛迷城》
E-appliance,/bbs/E-appliance/index.html,15,資訊,◎[家電] 發文請照規定發文
points,/bbs/points/index.html,15,旅遊,◎點數哩程板 交易文發文請看板規
Insurance,/bbs/Insurance/index.html,15,理財,◎保險板-★徵業務、站內信★劣退
ChangHua,/bbs/ChangHua/index.html,15,彰化,◎[彰化]
Palmar_Drama,/bbs/Palmar_Drama/index.html,15,布袋,◎4/18 道劫龍戰
Food,/bbs/Food/index.html,15,美食,◎美食板
Wuther-Waves,/bbs/Wuther-Waves/index.html,14,手遊,◎[鳴潮] 2.6 日以灼鋒 月以流明
MakeUp,/bbs/MakeUp/index.html,14,美容,◎[美妝] 夏天!不葉配 不脫妝
lesbian,/bbs/lesbian/index.html,14,男女,◎[拉板] welcome to 拉版
book,/bbs/book/index.html,14,書香,◎[書板]悼蔡瀾、王浩一
TypeMoon,/bbs/TypeMoon/index.html,13,型月,◎[F/GO] 不存在的夏日回憶
EatToDie,/bbs/EatToDie/index.html,13,美食,◎[飽板] 能吃就是福
cat,/bbs/cat/index.html,13,寵物,◎禁止贈送徵求醫療用品過期食品
Examination,/bbs/Examination/index.html,13,考試,◎[國考] 徵求上榜心得文
Militarylife,/bbs/Militarylife/index.html,13,軍旅,◎[軍旅] 206旅召訓滿意度85% ？？
